path,sha256,size_bytes
config/official_sources.json,89704861362bfc346cdef20c10a4e00951b79c6fe16f39a809e644137a6b472f,1895
data/external/fns_5ndfl_surgut.csv,b19fc0afe808360e50e23f66cd489c75b2e42ab81d4c3aa77179c356ae2f2881,10492066
data/processed/budget_provision_history_2021_2023.csv,feaaa42acc5e670ea6f54060bdf961478d71e15b6d024d7a92424e0e40d3a4ff,7703
data/processed/competition/surgut_all_2023_2024.csv,25feb26128f63827807b32dd5fc623dc86cf196e85d474ff8ae0bfd63aa68c70,3579
data/processed/official_budget_plan_surgut_2025_2027.csv,4d061ed6c5baaa08a839fc467d1ff55309725a58eebced34b8e9f8a5606d9ed2,2046
data/processed/official_budget_project_surgut_2025.csv,bbf1f65780562d6aa2dcecf54d316de25146d4c56ab32188ec78d890bf020495,11645
data/processed/official_quality_core_inputs_2023_2025.csv,c8c5510c43545ff0cd89903a6b5a67427278695aa873fe47f3202afce4f3d176,6922
data/processed/official_quality_rankings_2023_2025.csv,8e4329e9d87d135d990536f5841ecd5def0862b354997e5fdc5ab078a5bf7dd8,6971
data/reference/municipality_registry.csv,2ffc27ec68f7969e1da05391e6827e9840c572c915aa780e1f07526ce3477582,381
data/reference/sberindex_municipality_aliases.csv,b3017589c1fd8611ec394a7f76e23a45a594dffe73b50b33e69d8399cb2b2497,577
