year,municipality_name,municipality_oktmo,period_end,frequency,income_plan_deviation,program_expense_share,budget_amendments,debt_load,quality_rank,article136_high_subsidy_flag,source_file,publication_date,data_status
2023,Белоярский,,2023-12-31,YEAR,0.15267373289774824,1.0,3.0,0.0,2.0,0.0,Расчет по итогам 2023.xlsm,,derived_from_official_public
2023,Березовский,,2023-12-31,YEAR,0.12653834077226792,1.0,3.0,0.0,4.0,1.0,Расчет по итогам 2023.xlsm,,derived_from_official_public
2023,Когалым,,2023-12-31,YEAR,0.3658566912050108,0.9945205683215635,4.0,0.0,2.0,0.0,Расчет по итогам 2023.xlsm,,derived_from_official_public
2023,Кондинский,,2023-12-31,YEAR,0.21561122535260593,0.9942051403147616,19.0,0.07181959430906665,7.0,0.0,Расчет по итогам 2023.xlsm,,derived_from_official_public
2023,Лангепас,,2023-12-31,YEAR,0.30428052344438017,0.9934906131787653,4.0,0.07156544057223851,4.0,0.0,Расчет по итогам 2023.xlsm,,derived_from_official_public
2023,Мегион,,2023-12-31,YEAR,0.24516179088939657,0.9924272188852452,4.0,0.1985912325987255,10.0,0.0,Расчет по итогам 2023.xlsm,,derived_from_official_public
2023,Нефтеюганск,,2023-12-31,YEAR,0.29136891042640406,0.9919607244098012,8.0,0.0,10.0,0.0,Расчет по итогам 2023.xlsm,,derived_from_official_public
2023,Нефтеюганский,,2023-12-31,YEAR,1.0078387846380696,0.9954972907141285,6.0,0.10893889214793459,9.0,0.0,Расчет по итогам 2023.xlsm,,derived_from_official_public
2023,Нижневартовск,,2023-12-31,YEAR,0.21197863368212708,0.9537476063920037,5.0,0.1528189665983232,13.0,0.0,Расчет по итогам 2023.xlsm,,derived_from_official_public
2023,Нижневартовский,,2023-12-31,YEAR,0.6189094327744739,0.9999620823347897,4.0,0.0,5.0,0.0,Расчет по итогам 2023.xlsm,,derived_from_official_public
2023,Нягань,,2023-12-31,YEAR,0.1563042015539856,0.9981126674138279,6.0,0.252166034711641,9.0,0.0,Расчет по итогам 2023.xlsm,,derived_from_official_public
2023,Октябрьский,,2023-12-31,YEAR,0.29842111324616233,0.999209419950242,5.0,0.0,3.0,0.0,Расчет по итогам 2023.xlsm,,derived_from_official_public
2023,Покачи,,2023-12-31,YEAR,0.23380385857362265,0.9982324775411555,4.0,0.24563803713263724,8.0,0.0,Расчет по итогам 2023.xlsm,,derived_from_official_public
2023,Пыть-Ях,,2023-12-31,YEAR,0.25279720116991117,0.9888560272552872,6.0,0.0959192647470929,7.0,0.0,Расчет по итогам 2023.xlsm,,derived_from_official_public
2023,Радужный,,2023-12-31,YEAR,0.11412089218894053,0.9885956236603121,4.0,0.0,1.0,0.0,Расчет по итогам 2023.xlsm,,derived_from_official_public
2023,Советский,,2023-12-31,YEAR,0.1752279110594904,0.992999443448286,7.0,0.335486295851863,8.0,0.0,Расчет по итогам 2023.xlsm,,derived_from_official_public
2023,Сургут,,2023-12-31,YEAR,0.1365432530347019,0.9333516856640056,4.0,0.08615588330512608,12.0,0.0,Расчет по итогам 2023.xlsm,,derived_from_official_public
2023,Сургутский,,2023-12-31,YEAR,0.1177077125027032,0.9999927139130612,2.0,0.0,1.0,0.0,Расчет по итогам 2023.xlsm,,derived_from_official_public
2023,Урай,,2023-12-31,YEAR,0.149077930479523,0.9922953466971977,5.0,0.0,6.0,0.0,Расчет по итогам 2023.xlsm,,derived_from_official_public
2023,Ханты-Мансийск,,2023-12-31,YEAR,0.10979165114315219,1.0,5.0,0.0935990685434051,3.0,0.0,Расчет по итогам 2023.xlsm,,derived_from_official_public
2023,Ханты-Мансийский,,2023-12-31,YEAR,0.44812532492288504,0.9817927976787995,5.0,0.0,6.0,0.0,Расчет по итогам 2023.xlsm,,derived_from_official_public
2023,Югорск,,2023-12-31,YEAR,0.22458172313609276,0.9957479714244811,3.0,0.14834140696718168,5.0,0.0,Расчет по итогам 2023.xlsm,,derived_from_official_public
2024,Белоярский,,2024-12-31,YEAR,0.056116527836294214,1.0,4.0,0.0,2.0,0.0,Расчет по итогам 2024 (на сайт).xlsx,,derived_from_official_public
2024,Березовский,,2024-12-31,YEAR,0.04293588922049352,1.0,4.0,0.0,3.0,1.0,Расчет по итогам 2024 (на сайт).xlsx,,derived_from_official_public
2024,Когалым,,2024-12-31,YEAR,0.5187894706052041,0.9925355123599786,4.0,0.0,1.0,0.0,Расчет по итогам 2024 (на сайт).xlsx,,derived_from_official_public
2024,Кондинский,,2024-12-31,YEAR,0.3179643315808106,0.9945593878862632,20.0,0.11529285073803087,9.0,0.0,Расчет по итогам 2024 (на сайт).xlsx,,derived_from_official_public
2024,Лангепас,,2024-12-31,YEAR,0.24750908378347805,0.9940495735718248,5.0,0.10644127296331901,8.0,0.0,Расчет по итогам 2024 (на сайт).xlsx,,derived_from_official_public
2024,Мегион,,2024-12-31,YEAR,0.3093917253917739,0.9815033874198631,4.0,0.19459215536178665,13.0,0.0,Расчет по итогам 2024 (на сайт).xlsx,,derived_from_official_public
2024,Нефтеюганск,,2024-12-31,YEAR,0.3240503116038211,0.9806556221772089,7.0,0.0,6.0,0.0,Расчет по итогам 2024 (на сайт).xlsx,,derived_from_official_public
2024,Нефтеюганский,,2024-12-31,YEAR,0.5742502877826516,0.996691323836441,4.0,0.14962871923262525,8.0,0.0,Расчет по итогам 2024 (на сайт).xlsx,,derived_from_official_public
2024,Нижневартовск,,2024-12-31,YEAR,0.3740245235168964,0.9579970305446013,4.0,0.06333681894880207,12.0,0.0,Расчет по итогам 2024 (на сайт).xlsx,,derived_from_official_public
2024,Нижневартовский,,2024-12-31,YEAR,0.6709658587732449,0.8948850086716408,4.0,0.0,6.0,0.0,Расчет по итогам 2024 (на сайт).xlsx,,derived_from_official_public
2024,Нягань,,2024-12-31,YEAR,0.19659113031598172,0.9971824523814228,7.0,0.12534073373713103,11.0,0.0,Расчет по итогам 2024 (на сайт).xlsx,,derived_from_official_public
2024,Октябрьский,,2024-12-31,YEAR,0.4528236139750787,0.9979879851777935,6.0,0.0,4.0,0.0,Расчет по итогам 2024 (на сайт).xlsx,,derived_from_official_public
2024,Покачи,,2024-12-31,YEAR,0.19436589689742648,0.9952975857679548,6.0,0.2291609790939075,10.0,0.0,Расчет по итогам 2024 (на сайт).xlsx,,derived_from_official_public
2024,Пыть-Ях,,2024-12-31,YEAR,0.3025887638506153,0.9907273823627061,5.0,0.02675437637557095,9.0,0.0,Расчет по итогам 2024 (на сайт).xlsx,,derived_from_official_public
2024,Радужный,,2024-12-31,YEAR,0.41509171228721853,0.9800623875027462,5.0,0.0,5.0,0.0,Расчет по итогам 2024 (на сайт).xlsx,,derived_from_official_public
2024,Советский,,2024-12-31,YEAR,0.1413344946325169,0.9938596547407852,7.0,0.23286648459455775,5.0,0.0,Расчет по итогам 2024 (на сайт).xlsx,,derived_from_official_public
2024,Сургут,,2024-12-31,YEAR,0.2584932045703095,0.9318099498456347,5.0,0.010728458854470654,3.0,0.0,Расчет по итогам 2024 (на сайт).xlsx,,derived_from_official_public
2024,Сургутский,,2024-12-31,YEAR,0.11922922535535141,0.9999284063383791,3.0,0.0,1.0,0.0,Расчет по итогам 2024 (на сайт).xlsx,,derived_from_official_public
2024,Урай,,2024-12-31,YEAR,0.25795485494183407,0.9932609315318577,5.0,0.0,4.0,0.0,Расчет по итогам 2024 (на сайт).xlsx,,derived_from_official_public
2024,Ханты-Мансийск,,2024-12-31,YEAR,0.18243282577111414,1.0,2.0,0.05201011801275562,2.0,0.0,Расчет по итогам 2024 (на сайт).xlsx,,derived_from_official_public
2024,Ханты-Мансийский,,2024-12-31,YEAR,0.46708968877893625,0.9736292213770404,7.0,0.056812386141640414,7.0,0.0,Расчет по итогам 2024 (на сайт).xlsx,,derived_from_official_public
2024,Югорск,,2024-12-31,YEAR,0.11811254437376359,0.9962765382526728,3.0,0.15860744771391017,7.0,0.0,Расчет по итогам 2024 (на сайт).xlsx,,derived_from_official_public
2025,Белоярский,,2025-12-31,YEAR,0.08132599732206287,1.0,3.0,0.0,1.0,0.0,Расчет по итогам 2025 год.xlsx,,derived_from_official_public
2025,Березовский,,2025-12-31,YEAR,0.10158167929045739,1.0,5.0,0.0,4.0,0.0,Расчет по итогам 2025 год.xlsx,,derived_from_official_public
2025,Когалым,,2025-12-31,YEAR,0.49536015401062616,0.9914803254023653,3.0,0.0,2.0,0.0,Расчет по итогам 2025 год.xlsx,,derived_from_official_public
2025,Кондинский,,2025-12-31,YEAR,0.15317265656172854,0.9930937003694684,12.0,0.05436326074462163,7.0,0.0,Расчет по итогам 2025 год.xlsx,,derived_from_official_public
2025,Лангепас,,2025-12-31,YEAR,0.12893161646496568,0.9924022612749791,5.0,0.21351459537642464,7.0,0.0,Расчет по итогам 2025 год.xlsx,,derived_from_official_public
2025,Мегион,,2025-12-31,YEAR,0.19784531997434002,0.9893162751109493,3.0,0.18123003325415016,8.0,0.0,Расчет по итогам 2025 год.xlsx,,derived_from_official_public
2025,Нефтеюганск,,2025-12-31,YEAR,0.10031511395622351,0.9747514500919305,7.0,0.0,6.0,0.0,Расчет по итогам 2025 год.xlsx,,derived_from_official_public
2025,Нефтеюганский,,2025-12-31,YEAR,1.0790249928752242,0.9968377747969541,3.0,0.10025249095804827,9.0,0.0,Расчет по итогам 2025 год.xlsx,,derived_from_official_public
2025,Нижневартовск,,2025-12-31,YEAR,0.1093557871652803,0.9591377826522307,3.0,0.02639652196185303,5.0,0.0,Расчет по итогам 2025 год.xlsx,,derived_from_official_public
2025,Нижневартовский,,2025-12-31,YEAR,0.4920913760448926,0.9065044369505106,8.0,0.0,8.0,0.0,Расчет по итогам 2025 год.xlsx,,derived_from_official_public
2025,Нягань,,2025-12-31,YEAR,0.12306985815480403,0.9954620468398742,6.0,0.16950374270597135,9.0,0.0,Расчет по итогам 2025 год.xlsx,,derived_from_official_public
2025,Октябрьский,,2025-12-31,YEAR,0.20460707423553107,0.9965891260532049,5.0,0.0,3.0,0.0,Расчет по итогам 2025 год.xlsx,,derived_from_official_public
2025,Покачи,,2025-12-31,YEAR,0.10144436362703525,0.9927231657944993,6.0,0.3455898223161223,12.0,0.0,Расчет по итогам 2025 год.xlsx,,derived_from_official_public
2025,Пыть-Ях,,2025-12-31,YEAR,0.15171808064326558,0.9915721984517243,4.0,0.07830952885020417,11.0,0.0,Расчет по итогам 2025 год.xlsx,,derived_from_official_public
2025,Радужный,,2025-12-31,YEAR,0.2262304035222111,0.9860017324924581,3.0,0.0,4.0,0.0,Расчет по итогам 2025 год.xlsx,,derived_from_official_public
2025,Советский,,2025-12-31,YEAR,0.1875407166886105,0.9961248699372219,13.0,0.20358010717638872,5.0,0.0,Расчет по итогам 2025 год.xlsx,,derived_from_official_public
2025,Сургут,,2025-12-31,YEAR,0.11055549147300403,0.929568242576485,4.0,0.0,10.0,0.0,Расчет по итогам 2025 год.xlsx,,derived_from_official_public
2025,Сургутский,,2025-12-31,YEAR,0.1096563743657498,0.9999538393976305,2.0,0.0,2.0,0.0,Расчет по итогам 2025 год.xlsx,,derived_from_official_public
2025,Урай,,2025-12-31,YEAR,0.11931833734008748,0.9879636988912437,4.0,0.0,3.0,0.0,Расчет по итогам 2025 год.xlsx,,derived_from_official_public
2025,Ханты-Мансийск,,2025-12-31,YEAR,0.15764679198783363,0.9987677116664743,2.0,0.024303297977628324,1.0,0.0,Расчет по итогам 2025 год.xlsx,,derived_from_official_public
2025,Ханты-Мансийский,,2025-12-31,YEAR,0.2174579672539227,0.9868458429122745,4.0,0.036637729252638696,6.0,0.0,Расчет по итогам 2025 год.xlsx,,derived_from_official_public
2025,Югорск,,2025-12-31,YEAR,-0.02095421755322087,0.9898139897481196,4.0,0.2497140702708532,13.0,0.0,Расчет по итогам 2025 год.xlsx,,derived_from_official_public
